attendance_rate,assignment_average,quiz_average,internal_exam_score,lab_performance,study_hours_per_week,lms_logins_per_week,previous_gpa,project_score,department,study_mode,internet_access,part_time_job,extracurricular_activity,actual_band,predicted_band,predicted_risk,actual_risk,confidence,recommendations
78.75,82.18,87.9,57.47,76.71,18.65,11.35,3.13,69.64,BIT,Regular,Yes,No,Yes,High,Medium,No,No,0.6019,Maintain the current support plan and consider advanced enrichment tasks.
75.08,64.16,72.14,64.36,65.14,17.83,15.8,2.92,69.8,SE,Hybrid,Yes,No,No,Medium,Medium,No,No,0.7004,Maintain the current support plan and consider advanced enrichment tasks.
85.27,56.56,49.13,70.52,82.14,10.26,11.96,3.89,70.16,BCA,Regular,Yes,No,Yes,High,Medium,No,No,0.4789,Track assignment completion weekly and offer deadline coaching. | Recommend additional topic-wise quiz practice.
45.73,66.45,45.54,96.54,58.11,16.16,13.89,3.81,67.85,CS,Regular,Yes,No,No,High,Medium,No,Yes,0.5329,Schedule attendance mentoring and alert the advisor. | Recommend additional topic-wise quiz practice.
69.23,66.8,85.49,60.21,54.58,8.01,17.94,2.85,73.86,SE,Regular,No,Yes,No,Low,Low,Yes,Yes,0.478,Schedule attendance mentoring and alert the advisor. | Offer offline material access or campus connectivity support. | Review workload balance and suggest time-management support.
97.42,69.78,71.16,71.15,69.26,15.29,10.49,2.28,84.09,BIT,Regular,Yes,No,Yes,Medium,Medium,No,No,0.7436,Maintain the current support plan and consider advanced enrichment tasks.
84.94,90.18,44.16,84.84,83.25,20.17,22.05,3.14,72.69,AI,Regular,Yes,No,Yes,High,High,No,No,0.6167,Recommend additional topic-wise quiz practice.
70.01,68.98,55.13,81.4,71.3,17.32,12.88,1.95,79.91,BIT,Regular,Yes,No,Yes,Medium,Medium,No,No,0.6251,Recommend additional topic-wise quiz practice.
100.0,51.4,71.23,35.61,59.66,19.34,12.89,1.92,60.57,SE,Regular,Yes,No,Yes,Medium,Medium,No,Yes,0.5932,Provide remedial support for internal exam preparation. | Track assignment completion weekly and offer deadline coaching.
79.95,73.93,71.16,40.32,88.84,16.99,15.71,1.87,50.59,BCA,Regular,Yes,No,Yes,Low,Medium,No,Yes,0.4917,Provide remedial support for internal exam preparation.
69.29,55.26,65.8,71.07,55.92,11.34,10.04,2.49,84.24,BCA,Regular,Yes,No,No,Medium,Medium,No,No,0.5961,Schedule attendance mentoring and alert the advisor. | Track assignment completion weekly and offer deadline coaching.
90.48,85.98,63.04,71.51,60.5,17.21,24.55,3.65,72.98,BIT,Regular,No,No,No,High,High,No,No,0.7178,Offer offline material access or campus connectivity support.
100.0,47.39,61.61,86.4,82.79,6.93,13.45,2.79,74.95,BIT,Hybrid,Yes,Yes,Yes,Medium,Medium,No,Yes,0.7162,Track assignment completion weekly and offer deadline coaching. | Encourage a structured weekly self-study plan. | Review workload balance and suggest time-management support.
77.3,59.62,82.81,63.0,51.74,13.48,1.0,3.29,82.34,BIT,Regular,Yes,No,No,Medium,Medium,No,No,0.7808,Track assignment completion weekly and offer deadline coaching. | Increase LMS engagement through digital learning prompts.
90.68,80.13,70.95,71.2,55.23,8.28,8.97,2.07,82.9,BCA,Regular,Yes,Yes,Yes,Low,Medium,No,Yes,0.5573,Review workload balance and suggest time-management support.
87.94,71.26,63.78,60.09,82.45,10.8,12.39,2.78,77.33,BIT,Regular,Yes,No,No,Medium,Medium,No,No,0.8131,Maintain the current support plan and consider advanced enrichment tasks.
94.38,58.36,97.69,89.69,56.93,9.0,12.95,2.47,65.5,BIT,Regular,Yes,No,Yes,Medium,Medium,No,No,0.7088,Track assignment completion weekly and offer deadline coaching.
62.13,68.49,61.68,65.05,51.04,3.91,4.69,3.68,71.11,AI,Regular,Yes,Yes,No,Low,Medium,No,Yes,0.6749,Schedule attendance mentoring and alert the advisor. | Encourage a structured weekly self-study plan. | Increase LMS engagement through digital learning prompts. | Review workload balance and suggest time-management support.
62.54,63.59,40.07,57.77,72.07,6.71,11.89,2.42,60.0,SE,Regular,Yes,No,No,Low,Low,Yes,Yes,0.8128,Schedule attendance mentoring and alert the advisor. | Recommend additional topic-wise quiz practice. | Encourage a structured weekly self-study plan.
57.99,81.3,60.11,70.68,57.2,10.46,12.47,2.4,87.6,CS,Regular,No,No,No,Low,Low,Yes,Yes,0.5456,Schedule attendance mentoring and alert the advisor. | Offer offline material access or campus connectivity support.
80.3,55.35,60.11,60.82,75.1,13.31,12.84,3.28,86.6,BCA,Hybrid,Yes,Yes,Yes,Medium,Medium,No,No,0.727,Track assignment completion weekly and offer deadline coaching. | Review workload balance and suggest time-management support.
89.97,79.2,66.69,43.88,82.62,11.08,11.91,4.0,69.42,CS,Regular,Yes,No,Yes,High,High,No,Yes,0.6234,Provide remedial support for internal exam preparation.
91.36,85.94,46.39,68.41,58.44,12.84,6.54,4.0,93.63,AI,Regular,Yes,No,No,High,High,No,No,0.5192,Recommend additional topic-wise quiz practice.
63.36,53.53,69.41,50.26,71.78,15.48,5.53,2.67,54.53,BCA,Regular,Yes,No,Yes,Low,Medium,No,Yes,0.6865,Schedule attendance mentoring and alert the advisor. | Provide remedial support for internal exam preparation. | Track assignment completion weekly and offer deadline coaching. | Increase LMS engagement through digital learning prompts.
73.81,100.0,91.7,68.58,52.39,12.18,1.0,3.23,76.29,AI,Regular,Yes,Yes,No,Medium,Medium,No,No,0.7204,Increase LMS engagement through digital learning prompts. | Review workload balance and suggest time-management support.
82.2,76.63,67.38,97.65,85.57,18.01,13.44,2.99,69.96,CS,Regular,Yes,No,No,High,High,No,No,0.5906,Maintain the current support plan and consider advanced enrichment tasks.
59.38,71.31,68.58,83.98,80.31,18.4,7.82,2.67,94.52,CS,Regular,Yes,No,No,Medium,Medium,No,Yes,0.6257,Schedule attendance mentoring and alert the advisor.
90.59,60.19,85.54,60.15,73.18,15.42,6.58,3.66,57.09,BIT,Regular,No,No,No,Medium,Medium,No,No,0.5322,Offer offline material access or campus connectivity support.
65.65,47.6,73.92,89.43,71.74,20.72,14.4,2.51,95.16,BCA,Regular,Yes,No,No,High,Medium,No,Yes,0.6739,Schedule attendance mentoring and alert the advisor. | Track assignment completion weekly and offer deadline coaching.
80.07,64.68,94.95,79.12,79.29,13.84,13.67,3.37,86.96,BIT,Regular,No,Yes,No,High,High,No,No,0.4826,Offer offline material access or campus connectivity support. | Review workload balance and suggest time-management support.
81.49,77.94,51.22,40.77,64.02,8.22,4.43,2.35,87.26,AI,Regular,Yes,No,Yes,Low,Low,Yes,Yes,0.6361,Provide remedial support for internal exam preparation. | Recommend additional topic-wise quiz practice. | Increase LMS engagement through digital learning prompts.
76.96,85.8,70.17,53.16,69.21,13.17,9.61,3.18,87.32,BCA,Regular,Yes,No,No,Medium,Medium,No,No,0.7281,Provide remedial support for internal exam preparation.
72.03,62.16,61.37,42.01,95.65,7.73,6.28,3.02,70.26,BCA,Hybrid,Yes,Yes,No,Low,Low,Yes,Yes,0.6086,Provide remedial support for internal exam preparation. | Encourage a structured weekly self-study plan. | Review workload balance and suggest time-management support.
74.17,72.13,73.22,46.8,100.0,7.08,12.38,2.79,65.99,CS,Hybrid,Yes,No,No,Medium,Medium,No,Yes,0.5021,Provide remedial support for internal exam preparation. | Encourage a structured weekly self-study plan.
74.68,78.87,64.72,46.22,84.25,9.04,16.01,2.92,65.46,SE,Regular,No,No,No,Medium,Medium,No,Yes,0.5409,Provide remedial support for internal exam preparation. | Offer offline material access or campus connectivity support.
100.0,79.06,75.75,86.15,52.28,13.07,11.85,2.87,58.9,BIT,Hybrid,No,No,No,Medium,Medium,No,No,0.6231,Offer offline material access or campus connectivity support.
85.19,69.46,72.9,63.63,70.33,17.12,7.03,3.15,73.35,AI,Regular,Yes,Yes,Yes,Medium,Medium,No,No,0.6695,Review workload balance and suggest time-management support.
78.9,73.12,49.98,68.94,65.95,12.3,8.75,1.48,56.62,BIT,Regular,Yes,No,No,Low,Low,Yes,Yes,0.5818,Recommend additional topic-wise quiz practice.
74.39,62.92,67.12,65.14,69.07,7.45,8.81,2.79,67.69,CS,Regular,Yes,No,Yes,Medium,Medium,No,No,0.5597,Encourage a structured weekly self-study plan.
62.49,67.62,88.83,64.12,57.2,16.23,1.67,2.4,64.72,BIT,Regular,Yes,Yes,No,Low,Low,Yes,Yes,0.5441,Schedule attendance mentoring and alert the advisor. | Increase LMS engagement through digital learning prompts. | Review workload balance and suggest time-management support.
95.02,50.63,65.12,50.97,45.96,13.31,18.65,2.18,81.42,CS,Regular,Yes,No,No,Medium,Medium,No,Yes,0.6035,Provide remedial support for internal exam preparation. | Track assignment completion weekly and offer deadline coaching.
66.78,81.42,53.38,55.89,74.12,15.58,6.53,3.59,63.9,BIT,Regular,Yes,No,No,Medium,Medium,No,No,0.4702,Schedule attendance mentoring and alert the advisor. | Recommend additional topic-wise quiz practice.
81.77,88.08,62.51,59.39,57.12,14.58,10.36,1.83,59.33,AI,Regular,Yes,No,Yes,Medium,Medium,No,No,0.527,Maintain the current support plan and consider advanced enrichment tasks.
78.28,77.0,54.92,68.61,48.57,10.73,4.01,3.64,82.81,BCA,Hybrid,No,No,No,Low,Medium,No,Yes,0.5767,Recommend additional topic-wise quiz practice. | Increase LMS engagement through digital learning prompts. | Offer offline material access or campus connectivity support.
91.24,63.81,94.65,64.55,57.14,13.78,14.29,2.35,62.83,CS,Regular,No,No,No,Medium,Medium,No,No,0.5843,Offer offline material access or campus connectivity support.
66.67,65.18,66.16,76.45,69.08,12.2,20.07,2.82,87.58,BIT,Hybrid,Yes,No,Yes,Medium,Medium,No,No,0.608,Schedule attendance mentoring and alert the advisor.
84.32,63.96,55.99,66.94,47.25,13.66,10.41,3.25,72.3,SE,Regular,Yes,No,Yes,Medium,Medium,No,No,0.7078,Recommend additional topic-wise quiz practice.
73.59,52.71,79.1,100.0,40.67,14.5,6.52,2.75,80.27,CS,Regular,Yes,No,Yes,Medium,Medium,No,Yes,0.6618,Track assignment completion weekly and offer deadline coaching.
69.94,74.71,68.89,43.3,65.35,12.41,11.76,2.7,82.22,BIT,Regular,Yes,Yes,Yes,Medium,Medium,No,Yes,0.7478,Schedule attendance mentoring and alert the advisor. | Provide remedial support for internal exam preparation. | Review workload balance and suggest time-management support.
80.02,66.79,59.66,72.6,70.92,8.45,15.21,2.25,80.85,BIT,Regular,Yes,Yes,No,Low,Medium,No,Yes,0.5405,Recommend additional topic-wise quiz practice. | Review workload balance and suggest time-management support.
75.7,74.83,100.0,69.08,50.78,10.44,10.21,3.97,49.04,BCA,Regular,Yes,No,Yes,High,Medium,No,No,0.4868,Maintain the current support plan and consider advanced enrichment tasks.
82.0,66.68,70.83,76.57,85.86,18.31,13.63,3.86,74.49,BCA,Hybrid,No,No,No,High,High,No,No,0.5912,Offer offline material access or campus connectivity support.
76.98,78.41,72.58,37.37,62.76,10.66,9.09,2.7,76.05,BIT,Regular,Yes,No,Yes,Low,Medium,No,Yes,0.7677,Provide remedial support for internal exam preparation.
58.66,60.13,55.99,38.22,55.81,11.02,7.75,3.5,93.34,CS,Regular,Yes,No,No,Medium,Medium,No,Yes,0.7407,Schedule attendance mentoring and alert the advisor. | Provide remedial support for internal exam preparation. | Recommend additional topic-wise quiz practice.
66.45,67.67,85.09,70.9,85.14,12.12,8.32,2.99,86.03,BIT,Regular,Yes,No,Yes,Medium,Medium,No,No,0.7337,Schedule attendance mentoring and alert the advisor.
68.75,67.78,64.63,93.38,87.22,21.62,15.55,2.78,80.66,BCA,Regular,No,Yes,No,Medium,Medium,No,No,0.5236,Schedule attendance mentoring and alert the advisor. | Offer offline material access or campus connectivity support. | Review workload balance and suggest time-management support.
100.0,73.3,63.47,48.1,81.02,20.13,11.46,2.37,68.23,CS,Regular,Yes,No,No,Medium,Medium,No,Yes,0.5827,Provide remedial support for internal exam preparation.
92.1,81.51,67.73,54.32,87.87,14.55,6.19,2.15,79.37,BIT,Regular,Yes,Yes,No,Medium,Medium,No,No,0.6584,Provide remedial support for internal exam preparation. | Review workload balance and suggest time-management support.
71.66,52.29,95.81,61.96,78.56,17.36,9.04,2.75,89.16,CS,Regular,No,No,No,Medium,Medium,No,Yes,0.5706,Track assignment completion weekly and offer deadline coaching. | Offer offline material access or campus connectivity support.
84.24,77.14,45.0,69.1,67.46,8.9,14.74,3.73,65.95,CS,Hybrid,Yes,No,Yes,Medium,Medium,No,No,0.5194,Recommend additional topic-wise quiz practice.
84.04,100.0,84.21,67.4,69.27,9.35,4.84,3.37,74.54,SE,Regular,Yes,No,Yes,Medium,Medium,No,No,0.695,Increase LMS engagement through digital learning prompts.
81.73,62.0,56.21,65.22,74.32,2.0,8.45,3.51,63.16,AI,Regular,Yes,Yes,No,Medium,Medium,No,No,0.59,Recommend additional topic-wise quiz practice. | Encourage a structured weekly self-study plan. | Review workload balance and suggest time-management support.
86.44,76.38,55.2,81.92,71.88,6.43,14.21,3.51,62.99,BIT,Hybrid,Yes,No,Yes,Medium,High,No,No,0.5345,Recommend additional topic-wise quiz practice. | Encourage a structured weekly self-study plan.
94.35,95.14,64.6,91.62,88.16,14.77,7.02,2.71,76.68,CS,Hybrid,Yes,No,Yes,High,Medium,No,No,0.7919,Maintain the current support plan and consider advanced enrichment tasks.
77.16,69.52,67.62,72.04,67.21,7.57,5.67,2.38,92.27,BIT,Regular,Yes,No,No,Low,Medium,No,Yes,0.4968,Encourage a structured weekly self-study plan. | Increase LMS engagement through digital learning prompts.
85.95,74.51,62.66,34.65,50.99,20.46,11.24,3.07,62.97,CS,Regular,Yes,No,No,Medium,Medium,No,Yes,0.6363,Provide remedial support for internal exam preparation.
98.47,72.56,59.46,63.33,74.48,12.17,15.77,3.8,75.4,BIT,Regular,Yes,No,No,High,High,No,No,0.7565,Recommend additional topic-wise quiz practice.
74.58,50.56,74.91,61.33,100.0,15.6,10.12,2.65,91.2,SE,Regular,Yes,No,No,Medium,Medium,No,Yes,0.7305,Track assignment completion weekly and offer deadline coaching.
80.94,66.16,62.82,54.99,92.73,20.38,14.5,2.64,78.47,CS,Regular,Yes,No,No,Medium,Medium,No,No,0.6525,Provide remedial support for internal exam preparation.
54.75,85.08,59.08,68.63,58.34,18.2,15.0,2.98,84.62,BIT,Regular,Yes,No,Yes,Medium,Medium,No,Yes,0.609,Schedule attendance mentoring and alert the advisor. | Recommend additional topic-wise quiz practice.
62.91,72.52,59.15,41.27,78.66,19.5,13.72,2.49,52.58,AI,Regular,Yes,Yes,No,Medium,Medium,No,Yes,0.5033,Schedule attendance mentoring and alert the advisor. | Provide remedial support for internal exam preparation. | Recommend additional topic-wise quiz practice. | Review workload balance and suggest time-management support.
79.83,53.45,81.66,64.31,78.14,14.79,19.74,2.09,85.85,AI,Regular,Yes,No,No,Medium,Medium,No,Yes,0.5182,Track assignment completion weekly and offer deadline coaching.
76.99,67.58,61.4,57.84,87.5,9.02,8.98,2.5,77.16,AI,Hybrid,Yes,No,No,Low,Low,Yes,Yes,0.6094,Maintain the current support plan and consider advanced enrichment tasks.
88.03,56.82,88.04,55.36,60.38,11.15,16.56,2.84,69.46,CS,Regular,Yes,No,Yes,Medium,Medium,No,No,0.6627,Track assignment completion weekly and offer deadline coaching.
80.71,87.91,52.86,77.47,70.0,9.67,15.16,2.53,63.48,BIT,Hybrid,Yes,Yes,Yes,Low,Medium,No,Yes,0.6567,Recommend additional topic-wise quiz practice. | Review workload balance and suggest time-management support.
88.63,60.61,76.11,75.22,56.45,12.02,9.46,3.54,78.82,BIT,Regular,Yes,Yes,No,Medium,Medium,No,No,0.569,Review workload balance and suggest time-management support.
81.38,66.93,52.27,50.12,70.59,9.76,6.51,3.28,75.48,CS,Regular,Yes,Yes,Yes,Medium,Medium,No,No,0.6688,Provide remedial support for internal exam preparation. | Recommend additional topic-wise quiz practice. | Review workload balance and suggest time-management support.
71.49,69.07,47.79,72.41,89.24,8.23,7.46,3.35,86.99,SE,Regular,Yes,No,Yes,Medium,Medium,No,No,0.6264,Recommend additional topic-wise quiz practice.
84.93,69.61,72.81,15.0,64.08,7.18,7.35,2.35,75.56,BIT,Regular,Yes,No,No,Low,Low,Yes,Yes,0.6006,Provide remedial support for internal exam preparation. | Encourage a structured weekly self-study plan.
82.74,52.89,70.52,52.96,67.28,8.88,4.18,3.84,69.35,CS,Hybrid,Yes,Yes,Yes,Medium,Medium,No,Yes,0.627,Provide remedial support for internal exam preparation. | Track assignment completion weekly and offer deadline coaching. | Increase LMS engagement through digital learning prompts. | Review workload balance and suggest time-management support.
67.72,72.15,63.7,65.64,81.19,14.81,11.74,3.01,60.14,CS,Regular,Yes,No,No,Medium,Medium,No,No,0.8054,Schedule attendance mentoring and alert the advisor.
92.52,73.44,99.84,62.75,61.15,15.8,6.09,3.15,69.84,SE,Regular,Yes,No,No,High,Medium,No,No,0.6982,Maintain the current support plan and consider advanced enrichment tasks.
83.85,90.73,51.24,73.45,88.96,14.77,16.76,3.29,81.87,CS,Regular,Yes,No,No,High,High,No,No,0.6376,Recommend additional topic-wise quiz practice.
51.73,88.91,84.07,62.4,73.32,12.41,10.5,2.7,68.96,SE,Hybrid,Yes,Yes,No,Low,Medium,No,Yes,0.5308,Schedule attendance mentoring and alert the advisor. | Review workload balance and suggest time-management support.
83.96,62.57,58.79,86.77,58.39,18.67,5.65,2.91,54.77,BCA,Regular,No,No,Yes,Medium,Medium,No,No,0.6108,Recommend additional topic-wise quiz practice. | Increase LMS engagement through digital learning prompts. | Offer offline material access or campus connectivity support.
76.7,60.86,100.0,79.47,75.61,16.16,14.72,3.94,64.92,BIT,Regular,Yes,Yes,No,High,High,No,No,0.7428,Review workload balance and suggest time-management support.
72.43,44.02,63.58,55.95,84.97,18.26,13.18,2.21,68.38,BIT,Regular,Yes,No,No,Medium,Medium,No,Yes,0.5511,Track assignment completion weekly and offer deadline coaching.
56.95,80.58,59.55,66.56,76.16,17.81,16.84,2.18,86.13,BIT,Regular,Yes,No,Yes,Medium,Medium,No,Yes,0.6019,Schedule attendance mentoring and alert the advisor. | Recommend additional topic-wise quiz practice.
64.82,69.95,41.17,57.25,51.92,7.32,12.86,2.77,62.15,AI,Hybrid,No,No,No,Low,Low,Yes,Yes,0.711,Schedule attendance mentoring and alert the advisor. | Recommend additional topic-wise quiz practice. | Encourage a structured weekly self-study plan. | Offer offline material access or campus connectivity support.
76.77,72.02,94.0,66.06,72.72,13.42,2.64,3.47,55.21,CS,Regular,Yes,No,Yes,Medium,Medium,No,No,0.6907,Increase LMS engagement through digital learning prompts.
77.77,61.53,62.56,86.7,69.81,2.0,15.55,3.39,70.06,BIT,Hybrid,Yes,Yes,No,Medium,Medium,No,No,0.5913,Encourage a structured weekly self-study plan. | Review workload balance and suggest time-management support.
88.24,69.81,81.65,68.98,73.4,12.93,12.19,2.59,66.64,BIT,Regular,Yes,No,No,Medium,Medium,No,No,0.8288,Maintain the current support plan and consider advanced enrichment tasks.
91.25,63.03,47.82,43.57,66.29,15.27,18.88,3.46,72.2,BIT,Regular,No,No,No,Medium,Medium,No,Yes,0.5324,Provide remedial support for internal exam preparation. | Recommend additional topic-wise quiz practice. | Offer offline material access or campus connectivity support.
67.15,55.88,45.4,37.13,93.19,10.08,14.02,3.03,70.09,SE,Regular,Yes,No,No,Medium,Medium,No,Yes,0.6336,Schedule attendance mentoring and alert the advisor. | Provide remedial support for internal exam preparation. | Track assignment completion weekly and offer deadline coaching. | Recommend additional topic-wise quiz practice.
74.7,71.57,73.27,56.64,64.1,9.72,9.85,2.83,84.35,AI,Hybrid,Yes,Yes,No,Low,Low,Yes,Yes,0.5627,Review workload balance and suggest time-management support.
100.0,73.23,70.31,50.21,77.66,17.82,12.5,2.83,74.16,BIT,Regular,Yes,Yes,Yes,Medium,Medium,No,No,0.6737,Provide remedial support for internal exam preparation. | Review workload balance and suggest time-management support.
79.2,75.29,63.39,53.72,66.13,12.31,13.13,2.7,72.42,BIT,Regular,Yes,Yes,No,Medium,Medium,No,No,0.7617,Provide remedial support for internal exam preparation. | Review workload balance and suggest time-management support.
75.77,98.82,52.38,48.78,84.99,12.8,14.13,2.8,70.72,CS,Regular,Yes,Yes,No,Medium,Medium,No,Yes,0.7432,Provide remedial support for internal exam preparation. | Recommend additional topic-wise quiz practice. | Review workload balance and suggest time-management support.
59.19,68.27,83.46,79.78,75.05,14.72,13.0,4.0,70.29,SE,Regular,Yes,Yes,No,High,High,No,Yes,0.6012,Schedule attendance mentoring and alert the advisor. | Review workload balance and suggest time-management support.
70.94,82.49,64.5,57.14,100.0,17.96,15.09,2.25,54.97,CS,Regular,Yes,No,No,Medium,Medium,No,No,0.5996,Maintain the current support plan and consider advanced enrichment tasks.
73.6,85.1,78.95,57.27,74.44,19.07,6.63,2.9,58.52,SE,Regular,Yes,No,No,Medium,Medium,No,No,0.7338,Maintain the current support plan and consider advanced enrichment tasks.
70.4,75.67,60.36,73.08,68.26,8.14,23.32,2.83,75.56,BIT,Hybrid,Yes,No,No,Medium,Medium,No,No,0.5882,Maintain the current support plan and consider advanced enrichment tasks.
69.21,64.99,69.0,57.24,66.47,9.51,8.92,4.0,75.17,BIT,Regular,Yes,No,No,Medium,Medium,No,No,0.653,Schedule attendance mentoring and alert the advisor.
81.98,71.61,71.9,92.1,35.98,15.36,4.72,2.77,81.25,BCA,Regular,Yes,No,No,Medium,Medium,No,No,0.5673,Increase LMS engagement through digital learning prompts.
58.88,81.29,57.68,39.17,53.27,13.78,6.01,3.5,62.5,AI,Regular,Yes,No,Yes,Medium,Medium,No,Yes,0.6452,Schedule attendance mentoring and alert the advisor. | Provide remedial support for internal exam preparation. | Recommend additional topic-wise quiz practice.
92.23,65.69,90.77,68.61,65.28,18.19,10.96,2.69,81.21,BIT,Hybrid,Yes,No,Yes,Medium,Medium,No,No,0.7597,Maintain the current support plan and consider advanced enrichment tasks.
86.44,57.89,73.94,58.58,86.42,11.01,6.65,3.93,77.6,CS,Regular,Yes,No,No,High,Medium,No,No,0.5184,Track assignment completion weekly and offer deadline coaching.
84.19,62.13,58.46,47.24,87.54,17.03,6.67,3.92,70.31,CS,Regular,Yes,No,Yes,High,High,No,Yes,0.5432,Provide remedial support for internal exam preparation. | Recommend additional topic-wise quiz practice.
90.21,99.46,86.8,86.91,74.95,20.46,13.37,3.37,78.64,CS,Regular,Yes,No,Yes,High,High,No,No,0.7625,Maintain the current support plan and consider advanced enrichment tasks.
89.07,62.73,51.07,37.86,83.57,12.93,1.44,3.75,78.04,BIT,Hybrid,Yes,No,Yes,Medium,Medium,No,Yes,0.5832,Provide remedial support for internal exam preparation. | Recommend additional topic-wise quiz practice. | Increase LMS engagement through digital learning prompts.
91.15,97.42,84.1,64.38,61.98,15.32,15.3,2.22,69.06,CS,Hybrid,Yes,Yes,Yes,Medium,Medium,No,No,0.7247,Review workload balance and suggest time-management support.
69.82,81.01,64.84,47.03,81.28,7.2,15.08,1.94,64.67,CS,Hybrid,Yes,Yes,Yes,Low,Medium,No,Yes,0.4865,Schedule attendance mentoring and alert the advisor. | Provide remedial support for internal exam preparation. | Encourage a structured weekly self-study plan. | Review workload balance and suggest time-management support.
78.89,88.08,61.98,51.06,68.52,11.51,5.06,2.97,100.0,BIT,Regular,Yes,No,Yes,Medium,Medium,No,No,0.7659,Provide remedial support for internal exam preparation. | Increase LMS engagement through digital learning prompts.
66.9,51.3,45.46,52.54,67.75,11.21,5.98,3.26,70.02,BCA,Regular,Yes,Yes,No,Low,Medium,No,Yes,0.7373,Schedule attendance mentoring and alert the advisor. | Provide remedial support for internal exam preparation. | Track assignment completion weekly and offer deadline coaching. | Recommend additional topic-wise quiz practice. | Increase LMS engagement through digital learning prompts. | Review workload balance and suggest time-management support.
72.16,63.99,81.58,62.78,82.06,10.59,8.4,1.65,100.0,SE,Regular,Yes,No,No,Low,Low,Yes,Yes,0.5163,Maintain the current support plan and consider advanced enrichment tasks.
81.79,75.59,94.24,57.03,63.49,15.92,12.7,3.08,83.95,SE,Regular,Yes,Yes,No,Medium,Medium,No,No,0.6253,Review workload balance and suggest time-management support.
61.62,92.33,79.51,91.25,49.57,9.95,7.85,4.0,67.55,BIT,Regular,Yes,No,Yes,High,Medium,No,Yes,0.5352,Schedule attendance mentoring and alert the advisor.
83.45,59.86,59.07,70.66,65.29,10.76,3.63,2.84,80.15,AI,Regular,Yes,No,No,Medium,Medium,No,No,0.665,Track assignment completion weekly and offer deadline coaching. | Recommend additional topic-wise quiz practice. | Increase LMS engagement through digital learning prompts.
86.65,61.71,55.91,65.46,95.19,13.5,12.72,2.98,76.09,SE,Regular,Yes,No,Yes,Medium,Medium,No,No,0.842,Recommend additional topic-wise quiz practice.
57.9,72.99,76.85,37.89,64.04,18.83,8.54,2.15,59.92,BIT,Regular,Yes,No,Yes,Medium,Low,Yes,Yes,0.5415,Schedule attendance mentoring and alert the advisor. | Provide remedial support for internal exam preparation.
84.56,75.21,73.83,25.53,81.26,6.09,1.65,4.0,66.17,CS,Regular,Yes,Yes,No,Medium,Medium,No,Yes,0.59,Provide remedial support for internal exam preparation. | Encourage a structured weekly self-study plan. | Increase LMS engagement through digital learning prompts. | Review workload balance and suggest time-management support.
55.27,68.54,60.76,57.34,47.41,11.32,8.92,3.19,55.03,AI,Regular,Yes,No,Yes,Medium,Medium,No,Yes,0.7082,Schedule attendance mentoring and alert the advisor.
84.68,46.64,71.92,85.41,73.18,11.35,20.26,3.11,72.96,BIT,Hybrid,Yes,No,Yes,Medium,High,No,Yes,0.4903,Track assignment completion weekly and offer deadline coaching.
77.12,61.1,68.77,80.12,83.32,12.18,18.92,4.0,64.72,BIT,Regular,Yes,No,No,High,High,No,No,0.7054,Maintain the current support plan and consider advanced enrichment tasks.
77.77,85.78,75.05,54.09,74.76,12.2,10.87,2.7,71.68,AI,Hybrid,Yes,No,No,Medium,Medium,No,No,0.7185,Provide remedial support for internal exam preparation.
90.44,65.34,27.71,74.24,92.34,15.59,4.74,3.35,93.88,BIT,Regular,Yes,Yes,Yes,Medium,Medium,No,No,0.6257,Recommend additional topic-wise quiz practice. | Increase LMS engagement through digital learning prompts. | Review workload balance and suggest time-management support.
93.98,74.16,98.35,78.75,60.53,9.51,13.43,2.92,64.82,SE,Regular,Yes,No,Yes,High,Medium,No,No,0.6386,Maintain the current support plan and consider advanced enrichment tasks.
95.47,65.07,64.68,56.74,73.16,15.99,8.06,2.6,44.99,CS,Regular,Yes,Yes,No,Low,Medium,No,Yes,0.6925,Review workload balance and suggest time-management support.
95.13,76.84,78.27,61.32,98.02,2.25,7.57,4.0,78.06,BIT,Hybrid,Yes,No,No,Medium,Medium,No,No,0.5378,Encourage a structured weekly self-study plan.
55.4,76.04,77.64,70.35,97.45,12.66,7.88,3.05,71.15,AI,Hybrid,Yes,No,Yes,Medium,Medium,No,Yes,0.6821,Schedule attendance mentoring and alert the advisor.
86.16,53.26,69.14,71.45,48.69,19.3,8.16,2.88,73.54,BCA,Regular,Yes,Yes,Yes,Medium,Medium,No,Yes,0.7262,Track assignment completion weekly and offer deadline coaching. | Review workload balance and suggest time-management support.
85.37,65.86,50.65,78.3,83.67,12.3,14.07,2.72,75.87,BIT,Regular,No,No,No,Medium,Medium,No,No,0.5753,Recommend additional topic-wise quiz practice. | Offer offline material access or campus connectivity support.
81.57,81.28,72.87,43.72,67.21,13.22,14.27,2.93,77.48,BIT,Regular,Yes,No,No,Medium,Medium,No,Yes,0.7307,Provide remedial support for internal exam preparation.
65.64,75.28,82.93,80.95,59.35,9.09,8.95,3.1,71.03,BIT,Regular,Yes,Yes,No,Medium,Medium,No,No,0.7334,Schedule attendance mentoring and alert the advisor. | Review workload balance and suggest time-management support.
65.11,64.8,83.75,59.44,68.55,15.9,2.43,2.19,75.64,CS,Regular,Yes,Yes,No,Low,Low,Yes,Yes,0.6392,Schedule attendance mentoring and alert the advisor. | Increase LMS engagement through digital learning prompts. | Review workload balance and suggest time-management support.
80.04,66.78,78.28,81.98,90.6,23.47,13.29,3.04,75.07,BIT,Regular,Yes,No,No,High,High,No,No,0.5357,Maintain the current support plan and consider advanced enrichment tasks.
84.29,66.24,65.7,54.35,64.29,7.45,8.52,2.79,63.14,CS,Regular,Yes,No,Yes,Low,Medium,No,Yes,0.5088,Provide remedial support for internal exam preparation. | Encourage a structured weekly self-study plan.
66.68,72.69,86.93,45.32,55.04,12.06,3.13,3.75,84.69,SE,Regular,Yes,No,Yes,Medium,Medium,No,Yes,0.5319,Schedule attendance mentoring and alert the advisor. | Provide remedial support for internal exam preparation. | Increase LMS engagement through digital learning prompts.
69.99,69.55,74.3,90.03,57.64,14.94,9.37,4.0,81.62,BIT,Regular,Yes,No,No,High,High,No,No,0.6926,Schedule attendance mentoring and alert the advisor.
81.34,71.72,48.79,68.85,61.48,4.4,15.05,3.32,71.37,BIT,Regular,Yes,Yes,Yes,Medium,Medium,No,No,0.6152,Recommend additional topic-wise quiz practice. | Encourage a structured weekly self-study plan. | Review workload balance and suggest time-management support.
61.69,52.43,66.74,74.16,83.67,18.55,11.6,2.82,87.51,AI,Regular,Yes,No,Yes,Medium,Medium,No,Yes,0.6966,Schedule attendance mentoring and alert the advisor. | Track assignment completion weekly and offer deadline coaching.
90.61,74.35,81.11,42.04,66.52,23.42,9.23,3.02,74.06,SE,Hybrid,Yes,No,Yes,High,Medium,No,Yes,0.6643,Provide remedial support for internal exam preparation.
85.36,48.54,79.03,61.7,88.9,14.15,5.54,3.36,84.85,CS,Regular,Yes,No,No,High,Medium,No,Yes,0.6834,Track assignment completion weekly and offer deadline coaching. | Increase LMS engagement through digital learning prompts.
54.41,76.85,63.4,69.3,67.9,19.15,9.97,3.47,62.9,BIT,Regular,Yes,No,Yes,High,Medium,No,Yes,0.5144,Schedule attendance mentoring and alert the advisor.
84.93,69.04,47.59,74.87,74.88,16.08,6.39,2.62,64.13,BIT,Regular,Yes,No,No,Medium,Medium,No,No,0.7515,Recommend additional topic-wise quiz practice.
85.49,54.16,60.16,77.42,83.85,6.12,6.34,2.89,78.73,BIT,Regular,Yes,Yes,No,Medium,Medium,No,Yes,0.618,Track assignment completion weekly and offer deadline coaching. | Encourage a structured weekly self-study plan. | Review workload balance and suggest time-management support.
80.72,50.17,78.25,64.57,74.72,18.37,11.12,2.75,65.38,BIT,Regular,Yes,Yes,Yes,Medium,Medium,No,Yes,0.7185,Track assignment completion weekly and offer deadline coaching. | Review workload balance and suggest time-management support.
79.01,94.59,71.54,76.66,68.18,9.18,4.49,3.31,82.42,CS,Regular,Yes,No,Yes,High,Medium,No,No,0.646,Increase LMS engagement through digital learning prompts.
91.98,68.96,62.96,56.62,52.34,12.61,4.97,2.7,76.54,SE,Hybrid,Yes,Yes,No,Low,Medium,No,Yes,0.5629,Increase LMS engagement through digital learning prompts. | Review workload balance and suggest time-management support.
74.4,69.1,61.51,56.16,73.19,5.06,18.12,3.73,72.35,SE,Regular,Yes,Yes,Yes,Medium,Medium,No,No,0.4847,Encourage a structured weekly self-study plan. | Review workload balance and suggest time-management support.
91.04,60.8,72.63,51.24,69.87,15.66,18.7,2.94,70.33,BIT,Regular,Yes,No,No,Medium,Medium,No,No,0.5765,Provide remedial support for internal exam preparation.
69.38,63.21,79.94,73.67,56.4,6.53,14.99,2.74,82.49,BCA,Regular,Yes,No,Yes,Medium,Medium,No,No,0.6016,Schedule attendance mentoring and alert the advisor. | Encourage a structured weekly self-study plan.
69.94,66.42,64.26,64.66,80.79,6.44,10.38,2.36,64.29,CS,Regular,Yes,No,No,Low,Low,Yes,Yes,0.633,Schedule attendance mentoring and alert the advisor. | Encourage a structured weekly self-study plan.
63.45,68.78,79.09,71.81,65.06,17.45,10.74,1.84,86.57,BIT,Regular,Yes,No,Yes,Medium,Medium,No,Yes,0.5211,Schedule attendance mentoring and alert the advisor.
71.85,68.43,72.49,59.2,54.26,12.05,17.88,2.93,47.36,BCA,Regular,Yes,Yes,Yes,Medium,Medium,No,No,0.6907,Review workload balance and suggest time-management support.
85.51,72.38,77.92,50.58,57.24,12.81,4.93,3.12,65.63,BIT,Regular,Yes,No,Yes,Medium,Medium,No,No,0.8306,Provide remedial support for internal exam preparation. | Increase LMS engagement through digital learning prompts.
74.72,58.33,55.91,72.87,58.89,18.23,8.54,2.69,66.76,CS,Regular,Yes,No,No,Medium,Medium,No,No,0.7093,Track assignment completion weekly and offer deadline coaching. | Recommend additional topic-wise quiz practice.
72.45,59.61,66.8,87.97,88.53,12.54,10.34,3.3,72.39,SE,Regular,Yes,No,Yes,High,Medium,No,No,0.5446,Track assignment completion weekly and offer deadline coaching.
88.77,53.5,54.16,70.33,85.21,15.97,7.02,3.2,75.99,BIT,Regular,Yes,No,Yes,Medium,Medium,No,Yes,0.6585,Track assignment completion weekly and offer deadline coaching. | Recommend additional topic-wise quiz practice.
100.0,52.06,48.74,70.32,56.79,10.93,9.5,3.2,68.31,CS,Regular,Yes,No,No,Medium,Medium,No,Yes,0.7296,Track assignment completion weekly and offer deadline coaching. | Recommend additional topic-wise quiz practice.
79.09,62.62,56.16,94.87,68.63,17.18,10.83,2.35,67.97,BCA,Regular,Yes,No,Yes,Medium,Medium,No,No,0.6988,Recommend additional topic-wise quiz practice.
77.67,70.95,70.02,28.45,51.44,15.0,9.04,2.64,69.57,BIT,Regular,Yes,No,Yes,Medium,Medium,No,Yes,0.7379,Provide remedial support for internal exam preparation.
73.0,69.64,56.01,69.79,81.55,14.12,12.08,1.88,54.03,CS,Regular,Yes,No,Yes,Low,Medium,No,Yes,0.6294,Recommend additional topic-wise quiz practice.
77.1,92.92,72.77,76.09,85.02,15.83,9.76,3.38,54.83,AI,Regular,Yes,No,No,High,High,No,No,0.4946,Maintain the current support plan and consider advanced enrichment tasks.
69.72,57.58,83.16,82.47,76.52,17.45,4.74,2.32,63.28,CS,Regular,Yes,No,No,Medium,Medium,No,No,0.5556,Schedule attendance mentoring and alert the advisor. | Track assignment completion weekly and offer deadline coaching. | Increase LMS engagement through digital learning prompts.
98.11,88.82,86.47,48.76,81.02,16.13,1.94,2.52,71.79,BCA,Regular,Yes,No,No,Medium,Medium,No,Yes,0.7024,Provide remedial support for internal exam preparation. | Increase LMS engagement through digital learning prompts.
92.28,68.92,67.07,76.31,70.13,15.36,10.04,3.7,70.13,BIT,Regular,Yes,No,No,High,High,No,No,0.7658,Maintain the current support plan and consider advanced enrichment tasks.
70.31,81.17,50.98,55.43,81.6,8.9,9.28,1.49,80.28,AI,Regular,Yes,No,No,Low,Low,Yes,Yes,0.6982,Recommend additional topic-wise quiz practice.
70.38,82.25,75.37,76.17,69.12,9.0,11.64,1.99,75.53,BIT,Regular,Yes,No,Yes,Medium,Medium,No,No,0.4797,Maintain the current support plan and consider advanced enrichment tasks.
70.91,55.02,76.95,47.19,61.74,13.61,6.0,2.34,55.47,CS,Regular,Yes,No,No,Low,Low,Yes,Yes,0.625,Provide remedial support for internal exam preparation. | Track assignment completion weekly and offer deadline coaching.
70.34,57.87,82.77,73.08,79.72,9.98,9.15,3.73,70.23,BIT,Hybrid,Yes,No,Yes,Medium,Medium,No,No,0.4594,Track assignment completion weekly and offer deadline coaching.
91.68,70.76,64.91,87.51,80.66,10.11,13.34,3.07,95.25,AI,Regular,Yes,Yes,Yes,High,Medium,No,No,0.6647,Review workload balance and suggest time-management support.
57.7,51.44,66.22,68.54,80.01,7.9,1.06,2.23,81.99,BIT,Regular,Yes,No,No,Low,Low,Yes,Yes,0.5865,Schedule attendance mentoring and alert the advisor. | Track assignment completion weekly and offer deadline coaching. | Encourage a structured weekly self-study plan. | Increase LMS engagement through digital learning prompts.
76.39,59.37,91.23,84.5,83.71,12.14,1.62,3.89,63.52,BIT,Regular,Yes,No,No,High,Medium,No,No,0.5308,Track assignment completion weekly and offer deadline coaching. | Increase LMS engagement through digital learning prompts.
93.8,74.22,66.3,61.16,72.71,9.64,12.58,2.76,71.67,CS,Regular,Yes,Yes,No,Medium,Medium,No,No,0.6807,Review workload balance and suggest time-management support.
73.31,71.92,82.42,79.68,75.49,7.2,1.15,2.78,69.22,BCA,Regular,No,No,Yes,Low,Low,Yes,Yes,0.6094,Encourage a structured weekly self-study plan. | Increase LMS engagement through digital learning prompts. | Offer offline material access or campus connectivity support.
74.11,64.43,64.68,63.26,73.54,12.12,6.32,3.4,63.7,BCA,Hybrid,No,Yes,Yes,Low,Medium,No,Yes,0.5437,Offer offline material access or campus connectivity support. | Review workload balance and suggest time-management support.
100.0,82.13,48.59,70.66,68.98,6.49,1.0,3.9,73.81,BCA,Regular,No,No,No,Medium,Medium,No,No,0.415,Recommend additional topic-wise quiz practice. | Encourage a structured weekly self-study plan. | Increase LMS engagement through digital learning prompts. | Offer offline material access or campus connectivity support.
78.61,74.02,68.0,77.23,48.71,12.5,3.48,3.91,79.67,SE,Regular,Yes,No,Yes,High,High,No,No,0.6218,Increase LMS engagement through digital learning prompts.
86.96,75.54,60.21,59.19,85.61,8.26,13.11,3.34,87.58,BIT,Regular,Yes,Yes,No,Medium,Medium,No,No,0.7336,Review workload balance and suggest time-management support.
64.36,64.56,79.93,67.43,85.35,13.33,5.97,3.25,73.77,BCA,Regular,Yes,No,No,Medium,Medium,No,Yes,0.76,Schedule attendance mentoring and alert the advisor. | Increase LMS engagement through digital learning prompts.
56.14,64.46,74.51,97.57,63.92,11.28,10.85,3.49,90.61,BIT,Hybrid,Yes,No,No,Medium,Medium,No,Yes,0.5651,Schedule attendance mentoring and alert the advisor.
64.18,77.41,92.43,48.38,62.46,13.08,8.56,3.03,93.13,CS,Hybrid,No,No,Yes,Medium,Medium,No,Yes,0.4967,Schedule attendance mentoring and alert the advisor. | Provide remedial support for internal exam preparation. | Offer offline material access or campus connectivity support.
73.47,69.32,70.05,55.56,85.0,19.9,10.78,2.89,70.05,BCA,Hybrid,No,Yes,No,Medium,Medium,No,No,0.4845,Offer offline material access or campus connectivity support. | Review workload balance and suggest time-management support.
83.8,59.64,98.59,41.83,50.25,17.96,11.9,2.4,80.05,BCA,Regular,Yes,Yes,No,Medium,Medium,No,Yes,0.5859,Provide remedial support for internal exam preparation. | Track assignment completion weekly and offer deadline coaching. | Review workload balance and suggest time-management support.
72.57,68.22,49.89,79.53,70.87,14.7,9.79,3.14,97.43,SE,Regular,Yes,No,No,Medium,Medium,No,No,0.5845,Recommend additional topic-wise quiz practice.
82.4,73.26,60.85,69.18,55.02,13.94,14.67,2.82,57.21,BCA,Regular,Yes,No,Yes,Medium,Medium,No,No,0.783,Maintain the current support plan and consider advanced enrichment tasks.
72.12,53.26,94.36,89.28,89.06,9.92,9.2,3.32,61.0,BCA,Hybrid,Yes,Yes,No,Medium,Medium,No,Yes,0.6556,Track assignment completion weekly and offer deadline coaching. | Review workload balance and suggest time-management support.
87.05,52.72,66.73,50.29,66.86,11.27,15.76,3.55,67.64,BCA,Regular,Yes,No,No,Medium,Medium,No,Yes,0.5819,Provide remedial support for internal exam preparation. | Track assignment completion weekly and offer deadline coaching.
64.98,97.27,59.53,74.96,69.24,12.82,12.11,2.82,67.01,BIT,Regular,Yes,No,Yes,Medium,Medium,No,Yes,0.752,Schedule attendance mentoring and alert the advisor. | Recommend additional topic-wise quiz practice.
93.19,52.05,35.02,88.13,75.13,15.55,12.05,1.93,45.22,BIT,Regular,Yes,No,No,Medium,Medium,No,Yes,0.6891,Track assignment completion weekly and offer deadline coaching. | Recommend additional topic-wise quiz practice.
80.48,64.84,75.75,55.42,84.49,12.62,6.29,2.72,61.69,BIT,Regular,Yes,Yes,No,Low,Medium,No,Yes,0.6898,Review workload balance and suggest time-management support.
61.85,90.53,46.31,79.37,86.6,11.49,14.73,2.9,85.63,BIT,Regular,No,No,Yes,Medium,Medium,No,Yes,0.5684,Schedule attendance mentoring and alert the advisor. | Recommend additional topic-wise quiz practice. | Offer offline material access or campus connectivity support.
84.4,58.95,55.75,76.95,80.15,11.29,16.42,3.62,55.52,BIT,Regular,No,No,No,Medium,Medium,No,No,0.481,Track assignment completion weekly and offer deadline coaching. | Recommend additional topic-wise quiz practice. | Offer offline material access or campus connectivity support.
94.31,76.43,75.41,58.7,64.92,10.13,6.95,3.26,77.61,AI,Regular,No,No,Yes,Medium,Medium,No,No,0.5904,Offer offline material access or campus connectivity support.
76.02,65.98,75.44,59.1,63.12,7.5,9.67,3.27,75.4,BCA,Regular,Yes,No,Yes,Medium,Medium,No,No,0.6892,Encourage a structured weekly self-study plan.
69.9,82.88,57.52,64.37,84.3,12.19,2.23,3.03,76.66,BIT,Hybrid,Yes,No,No,Low,Medium,No,Yes,0.6637,Schedule attendance mentoring and alert the advisor. | Recommend additional topic-wise quiz practice. | Increase LMS engagement through digital learning prompts.
83.33,91.26,68.25,68.45,69.74,12.77,15.41,2.36,80.08,BIT,Regular,Yes,No,Yes,Medium,Medium,No,No,0.7833,Maintain the current support plan and consider advanced enrichment tasks.
58.18,75.61,62.57,49.77,80.4,12.36,11.86,2.62,47.06,SE,Regular,Yes,Yes,No,Low,Medium,No,Yes,0.5501,Schedule attendance mentoring and alert the advisor. | Provide remedial support for internal exam preparation. | Review workload balance and suggest time-management support.
85.74,72.29,79.96,61.48,81.95,12.98,4.57,2.81,68.89,SE,Regular,Yes,Yes,Yes,Medium,Medium,No,No,0.742,Increase LMS engagement through digital learning prompts. | Review workload balance and suggest time-management support.
88.32,64.93,86.31,93.67,50.9,16.44,12.63,3.01,72.96,BIT,Regular,Yes,No,No,High,High,No,No,0.5579,Maintain the current support plan and consider advanced enrichment tasks.
75.29,83.1,81.97,79.05,60.06,7.19,2.33,3.77,72.24,CS,Hybrid,Yes,Yes,No,Medium,Medium,No,No,0.6026,Encourage a structured weekly self-study plan. | Increase LMS engagement through digital learning prompts. | Review workload balance and suggest time-management support.
86.19,62.2,63.27,63.23,63.0,11.13,11.07,1.7,66.09,BIT,Regular,Yes,No,Yes,Low,Low,Yes,Yes,0.5042,Maintain the current support plan and consider advanced enrichment tasks.
82.32,68.36,70.89,81.32,61.6,9.92,4.29,2.01,69.82,BIT,Hybrid,Yes,No,Yes,Low,Medium,No,Yes,0.5217,Increase LMS engagement through digital learning prompts.
85.03,69.36,69.69,90.33,75.93,13.81,8.43,3.77,76.77,BIT,Regular,Yes,Yes,No,High,High,No,No,0.7409,Review workload balance and suggest time-management support.
43.95,58.29,69.72,75.46,50.0,9.59,7.78,3.25,54.94,SE,Regular,Yes,No,Yes,Medium,Medium,No,Yes,0.6785,Schedule attendance mentoring and alert the advisor. | Track assignment completion weekly and offer deadline coaching.
71.83,74.92,56.52,40.56,90.72,10.81,10.72,3.84,69.64,SE,Regular,Yes,No,No,Medium,Medium,No,Yes,0.489,Provide remedial support for internal exam preparation. | Recommend additional topic-wise quiz practice.
95.78,73.61,46.65,45.91,72.53,13.32,2.94,2.08,85.16,BIT,Regular,Yes,Yes,Yes,Low,Low,Yes,Yes,0.5411,Provide remedial support for internal exam preparation. | Recommend additional topic-wise quiz practice. | Increase LMS engagement through digital learning prompts. | Review workload balance and suggest time-management support.
96.61,71.73,48.01,80.04,54.53,12.3,6.63,2.71,77.48,BIT,Regular,Yes,No,Yes,Medium,Medium,No,No,0.7441,Recommend additional topic-wise quiz practice.
56.46,50.46,77.4,62.67,69.21,9.17,9.73,2.84,89.95,AI,Regular,Yes,Yes,No,Medium,Low,Yes,Yes,0.5281,Schedule attendance mentoring and alert the advisor. | Track assignment completion weekly and offer deadline coaching. | Review workload balance and suggest time-management support.
81.17,55.77,91.31,81.04,59.63,14.9,6.09,1.94,71.07,BIT,Regular,Yes,Yes,No,Low,Medium,No,Yes,0.5376,Track assignment completion weekly and offer deadline coaching. | Review workload balance and suggest time-management support.
85.36,88.9,78.14,67.28,93.18,11.77,14.0,2.79,71.42,BIT,Regular,Yes,No,No,Medium,Medium,No,No,0.7217,Maintain the current support plan and consider advanced enrichment tasks.
72.63,71.81,65.15,100.0,58.0,13.69,10.16,2.77,72.98,BIT,Hybrid,Yes,No,No,Medium,Medium,No,No,0.6625,Maintain the current support plan and consider advanced enrichment tasks.
85.35,47.0,33.96,74.25,68.24,14.6,11.39,2.78,68.97,BIT,Regular,Yes,No,Yes,Medium,Medium,No,Yes,0.7057,Track assignment completion weekly and offer deadline coaching. | Recommend additional topic-wise quiz practice.
76.23,70.01,56.64,78.01,80.65,12.76,7.46,2.26,72.95,CS,Regular,Yes,No,Yes,Medium,Medium,No,No,0.5878,Recommend additional topic-wise quiz practice.
64.59,60.08,64.74,71.74,76.66,12.17,8.83,4.0,80.21,BIT,Regular,Yes,No,Yes,High,Medium,No,Yes,0.5046,Schedule attendance mentoring and alert the advisor.
74.32,62.17,75.04,79.97,71.17,15.61,2.93,3.95,61.56,BIT,Regular,Yes,Yes,No,High,Medium,No,No,0.5061,Increase LMS engagement through digital learning prompts. | Review workload balance and suggest time-management support.
73.24,87.41,82.13,77.62,70.15,15.22,14.34,3.76,70.01,CS,Regular,Yes,No,Yes,High,High,No,No,0.847,Maintain the current support plan and consider advanced enrichment tasks.
74.71,67.71,56.9,65.16,56.36,17.95,15.85,3.43,87.91,BIT,Regular,Yes,Yes,Yes,High,Medium,No,No,0.5917,Recommend additional topic-wise quiz practice. | Review workload balance and suggest time-management support.
83.71,82.1,72.63,67.5,79.49,11.31,7.9,2.65,58.21,SE,Regular,No,No,Yes,Medium,Low,Yes,No,0.4603,Offer offline material access or campus connectivity support.
67.31,65.2,42.49,50.38,58.02,11.28,3.23,3.38,66.83,AI,Regular,Yes,No,Yes,Medium,Medium,No,No,0.7498,Schedule attendance mentoring and alert the advisor. | Provide remedial support for internal exam preparation. | Recommend additional topic-wise quiz practice. | Increase LMS engagement through digital learning prompts.
80.83,64.12,51.04,46.18,65.14,14.06,13.59,3.72,96.87,CS,Regular,Yes,No,No,Medium,High,No,Yes,0.5372,Provide remedial support for internal exam preparation. | Recommend additional topic-wise quiz practice.
75.63,66.46,75.13,66.85,89.58,12.97,7.41,4.0,84.24,AI,Regular,Yes,No,Yes,High,High,No,No,0.6385,Maintain the current support plan and consider advanced enrichment tasks.
74.11,66.94,94.07,55.6,77.74,10.06,12.18,2.42,71.8,CS,Regular,Yes,No,No,Medium,Medium,No,No,0.5295,Maintain the current support plan and consider advanced enrichment tasks.
74.02,100.0,54.63,67.27,79.87,13.58,19.38,2.15,73.1,BCA,Regular,Yes,No,Yes,Medium,Medium,No,No,0.7151,Recommend additional topic-wise quiz practice.
99.85,63.22,68.7,47.87,94.32,11.48,14.12,2.76,85.39,AI,Regular,Yes,No,No,Medium,Medium,No,Yes,0.712,Provide remedial support for internal exam preparation.
61.92,60.8,87.75,91.65,45.24,12.3,9.16,2.59,79.2,SE,Regular,Yes,No,Yes,Medium,Medium,No,Yes,0.6677,Schedule attendance mentoring and alert the advisor.
71.68,89.65,100.0,60.35,69.41,15.77,7.72,2.8,83.81,SE,Regular,No,No,No,Medium,Medium,No,No,0.4676,Offer offline material access or campus connectivity support.
69.55,72.62,68.87,80.35,66.07,7.98,2.0,2.74,73.74,SE,Regular,Yes,No,No,Low,Medium,No,Yes,0.6743,Schedule attendance mentoring and alert the advisor. | Encourage a structured weekly self-study plan. | Increase LMS engagement through digital learning prompts.
90.96,59.97,70.41,75.42,60.87,11.37,14.84,2.27,78.55,CS,Regular,Yes,No,Yes,Medium,Medium,No,No,0.77,Track assignment completion weekly and offer deadline coaching.
84.59,53.41,96.91,52.53,70.31,15.28,3.65,2.99,60.17,BCA,Hybrid,Yes,No,No,Medium,Medium,No,Yes,0.6906,Provide remedial support for internal exam preparation. | Track assignment completion weekly and offer deadline coaching. | Increase LMS engagement through digital learning prompts.
72.95,68.65,66.29,60.53,60.88,9.63,11.07,3.44,74.63,CS,Hybrid,Yes,No,Yes,Medium,Medium,No,No,0.7358,Maintain the current support plan and consider advanced enrichment tasks.
100.0,68.54,56.88,71.59,73.64,21.9,5.77,2.49,76.82,BIT,Regular,Yes,Yes,Yes,Medium,Medium,No,No,0.6567,Recommend additional topic-wise quiz practice. | Increase LMS engagement through digital learning prompts. | Review workload balance and suggest time-management support.
90.2,78.9,60.48,90.4,57.21,12.42,12.34,2.82,100.0,BIT,Regular,Yes,Yes,Yes,Medium,Medium,No,No,0.6383,Review workload balance and suggest time-management support.
87.68,70.47,84.44,48.79,71.3,4.08,8.63,2.3,56.82,SE,Regular,No,Yes,Yes,Low,Low,Yes,Yes,0.795,Provide remedial support for internal exam preparation. | Encourage a structured weekly self-study plan. | Offer offline material access or campus connectivity support. | Review workload balance and suggest time-management support.
75.86,68.47,71.27,49.16,69.5,18.51,15.63,4.0,75.76,BCA,Regular,Yes,Yes,No,High,High,No,Yes,0.61,Provide remedial support for internal exam preparation. | Review workload balance and suggest time-management support.
74.42,68.8,52.55,81.96,60.49,10.63,7.75,2.59,97.81,BIT,Regular,Yes,No,No,Medium,Medium,No,No,0.7054,Recommend additional topic-wise quiz practice.
70.95,71.36,79.79,39.68,74.06,6.17,10.03,2.96,85.56,AI,Regular,Yes,No,No,Medium,Medium,No,Yes,0.6072,Provide remedial support for internal exam preparation. | Encourage a structured weekly self-study plan.
84.14,68.56,43.04,66.98,80.18,7.84,7.01,2.55,86.76,SE,Hybrid,No,Yes,No,Low,Low,Yes,Yes,0.7004,Recommend additional topic-wise quiz practice. | Encourage a structured weekly self-study plan. | Offer offline material access or campus connectivity support. | Review workload balance and suggest time-management support.
78.87,95.82,83.82,79.86,79.16,12.72,7.64,3.13,72.9,BCA,Regular,Yes,No,Yes,High,Medium,No,No,0.6547,Maintain the current support plan and consider advanced enrichment tasks.
